season,gameweek,id,player_name,team_short,position,predicted_points,actual_points,error,abs_error
2025-2026,6,430,Haaland,MCI,Forward,7.33,16,-8.67,8.67
2025-2026,6,26,Zubimendi,ARS,Midfielder,8.71,2,6.710000000000001,6.710000000000001
2025-2026,6,237,Enzo,CHE,Midfielder,2.42,9,-6.58,6.58
2025-2026,6,683,Alderete,SUN,Defender,11.693333333333333,17,-5.306666666666667,5.306666666666667
2025-2026,6,136,Thiago,BRE,Forward,8.093333333333334,13,-4.906666666666666,4.906666666666666
2025-2026,6,267,Sarr,CRY,Midfielder,6.52,11,-4.48,4.48
2025-2026,6,575,Van de Ven,TOT,Defender,6.256666666666667,2,4.256666666666667,4.256666666666667
2025-2026,6,636,S.Bueno,WOL,Defender,7.82,12,-4.18,4.18
2025-2026,6,387,Szoboszlai,LIV,Midfielder,0.8266666666666667,5,-4.173333333333334,4.173333333333334
2025-2026,6,603,Diouf,WHU,Defender,1.12,5,-3.88,3.88
2025-2026,6,40,Mings,AVL,Defender,4.703333333333333,1,3.703333333333333,3.703333333333333
2025-2026,6,407,Matheus N.,MCI,Defender,8.43,12,-3.5700000000000003,3.5700000000000003
2025-2026,6,120,Schade,BRE,Midfielder,7.546666666666667,4,3.546666666666667,3.546666666666667
2025-2026,6,226,Chalobah,CHE,Defender,0.49666666666666665,-3,3.4966666666666666,3.4966666666666666
2025-2026,6,414,Foden,MCI,Midfielder,4.473333333333334,1,3.4733333333333336,3.4733333333333336
2025-2026,6,162,Gruda,BHA,Midfielder,0.74,4,-3.26,3.26
2025-2026,6,411,O’Reilly,MCI,Defender,5.183333333333334,2,3.1833333333333336,3.1833333333333336
2025-2026,6,318,Bassey,FUL,Defender,3.183333333333333,0,3.183333333333333,3.183333333333333
2025-2026,6,648,Munetsi,WOL,Midfielder,0.8466666666666667,4,-3.1533333333333333,3.1533333333333333
2025-2026,6,348,Rodon,LEE,Defender,3.8466666666666667,7,-3.1533333333333333,3.1533333333333333
2025-2026,6,493,Longstaff,LEE,Midfielder,11.863333333333333,15,-3.1366666666666667,3.1366666666666667
2025-2026,6,271,Kamada,CRY,Midfielder,1.8833333333333333,5,-3.1166666666666667,3.1166666666666667
2025-2026,6,257,Lacroix,CRY,Defender,0.8866666666666667,4,-3.1133333333333333,3.1133333333333333
2025-2026,6,694,Mukiele,SUN,Defender,9.093333333333334,6,3.0933333333333337,3.0933333333333337
2025-2026,6,612,L.Paquetá,WHU,Midfielder,0.94,4,-3.06,3.06
2025-2026,6,260,Guéhi,CRY,Defender,3.9433333333333334,7,-3.0566666666666666,3.0566666666666666
2025-2026,6,50,Buendía,AVL,Midfielder,8.96,12,-3.039999999999999,3.039999999999999
2025-2026,6,569,Romero,TOT,Defender,4.973333333333334,2,2.9733333333333336,2.9733333333333336
2025-2026,6,36,Cash,AVL,Defender,4.8966666666666665,2,2.8966666666666665,2.8966666666666665
2025-2026,6,419,Grealish,EVE,Midfielder,-0.7933333333333333,2,-2.7933333333333334,2.7933333333333334
2025-2026,6,586,Bergvall,TOT,Midfielder,3.763333333333333,1,2.763333333333333,2.763333333333333
2025-2026,6,547,E.Le Fée,SUN,Midfielder,0.2833333333333333,3,-2.716666666666667,2.716666666666667
2025-2026,6,178,Welbeck,BHA,Forward,8.41,11,-2.59,2.59
2025-2026,6,624,Bowen,WHU,Forward,6.41,9,-2.59,2.59
2025-2026,6,21,Rice,ARS,Midfielder,6.43,9,-2.5700000000000003,2.5700000000000003
2025-2026,6,442,Maguire,MUN,Defender,3.5533333333333332,1,2.5533333333333332,2.5533333333333332
2025-2026,6,381,M.Salah,LIV,Midfielder,4.456666666666667,2,2.456666666666667,2.456666666666667
2025-2026,6,317,Andersen,FUL,Defender,5.4366666666666665,3,2.4366666666666665,2.4366666666666665
2025-2026,6,82,Semenyo,BOU,Midfielder,9.426666666666666,7,2.426666666666666,2.426666666666666
2025-2026,6,605,Kilman,WHU,Defender,0.6033333333333334,3,-2.3966666666666665,2.3966666666666665
2025-2026,6,684,Thiaw,NEW,Defender,5.3933333333333335,3,2.3933333333333335,2.3933333333333335
2025-2026,6,449,B.Fernandes,MUN,Midfielder,1.22,-1,2.2199999999999998,2.2199999999999998
2025-2026,6,191,Estève,BUR,Defender,0.17,-2,2.17,2.17
2025-2026,6,235,Palmer,CHE,Midfielder,2.1433333333333335,0,2.1433333333333335,2.1433333333333335
2025-2026,6,354,Ampadu,LEE,Midfielder,3.1166666666666667,1,2.1166666666666667,2.1166666666666667
2025-2026,6,38,Konsa,AVL,Defender,4.1066666666666665,2,2.1066666666666665,2.1066666666666665
2025-2026,6,685,Diakité,BOU,Defender,0.94,3,-2.06,2.06
2025-2026,6,475,Botman,NEW,Defender,0.9433333333333334,3,-2.0566666666666666,2.0566666666666666
2025-2026,6,476,Burn,NEW,Defender,2.0533333333333332,0,2.0533333333333332,2.0533333333333332
2025-2026,6,47,Rogers,AVL,Midfielder,7.006666666666667,5,2.006666666666667,2.006666666666667
2025-2026,6,37,Digne,AVL,Defender,6.95,5,1.9500000000000002,1.9500000000000002
2025-2026,6,324,Iwobi,FUL,Midfielder,3.9466666666666668,2,1.9466666666666668,1.9466666666666668
2025-2026,6,72,Senesi,BOU,Defender,5.066666666666666,7,-1.9333333333333336,1.9333333333333336
2025-2026,6,253,Henderson,CRY,Goalkeeper,1.1566666666666667,3,-1.8433333333333333,1.8433333333333333
2025-2026,6,287,Pickford,EVE,Goalkeeper,3.8266666666666667,2,1.8266666666666667,1.8266666666666667
2025-2026,6,293,O'Brien,EVE,Defender,3.8,2,1.7999999999999998,1.7999999999999998
2025-2026,6,406,Khusanov,MCI,Defender,1.7833333333333334,0,1.7833333333333334,1.7833333333333334
2025-2026,6,508,N.Williams,NFO,Defender,2.78,1,1.7799999999999998,1.7799999999999998
2025-2026,6,44,Bogarde,AVL,Defender,3.77,2,1.77,1.77
2025-2026,6,666,Gyökeres,ARS,Forward,3.736666666666667,2,1.7366666666666668,1.7366666666666668
2025-2026,6,302,Gana,EVE,Midfielder,3.7266666666666666,2,1.7266666666666666,1.7266666666666666
2025-2026,6,488,Bruno G.,NEW,Midfielder,0.30333333333333334,2,-1.6966666666666668,1.6966666666666668
2025-2026,6,238,Estêvão,CHE,Midfielder,1.3133333333333332,3,-1.6866666666666668,1.6866666666666668
2025-2026,6,427,Reijnders,MCI,Midfielder,3.6733333333333333,2,1.6733333333333333,1.6733333333333333
2025-2026,6,441,Dorgu,MUN,Defender,1.6666666666666667,0,1.6666666666666667,1.6666666666666667
2025-2026,6,20,Trossard,ARS,Midfielder,3.65,2,1.65,1.65
2025-2026,6,148,F.Kadıoğlu,BHA,Defender,3.5866666666666664,2,1.5866666666666664,1.5866666666666664
2025-2026,6,573,Spence,TOT,Defender,3.5566666666666666,2,1.5566666666666666,1.5566666666666666
2025-2026,6,322,Tete,FUL,Defender,1.5533333333333332,0,1.5533333333333332,1.5533333333333332
2025-2026,6,145,De Cuyper,BHA,Defender,6.456666666666667,8,-1.543333333333333,1.543333333333333
2025-2026,6,459,Ugarte,MUN,Midfielder,3.5033333333333334,2,1.5033333333333334,1.5033333333333334
2025-2026,6,408,Rúben,MCI,Defender,3.493333333333333,2,1.4933333333333332,1.4933333333333332
2025-2026,6,438,Mazraoui,MUN,Defender,1.4866666666666666,0,1.4866666666666666,1.4866666666666666
2025-2026,6,338,Muniz,FUL,Forward,1.4866666666666666,0,1.4866666666666666,1.4866666666666666
2025-2026,6,123,Carvalho,BRE,Midfielder,1.4766666666666666,0,1.4766666666666666,1.4766666666666666
2025-2026,6,169,Gomez,BHA,Midfielder,0.5266666666666666,2,-1.4733333333333334,1.4733333333333334
2025-2026,6,477,Livramento,NEW,Defender,4.553333333333334,6,-1.4466666666666663,1.4466666666666663
2025-2026,6,403,Gvardiol,MCI,Defender,3.433333333333333,2,1.4333333333333331,1.4333333333333331
2025-2026,6,108,Ajer,BRE,Defender,1.4266666666666667,0,1.4266666666666667,1.4266666666666667
2025-2026,6,473,Hall,NEW,Defender,1.42,0,1.42,1.42
2025-2026,6,343,Struijk,LEE,Defender,1.6033333333333333,3,-1.3966666666666667,1.3966666666666667
2025-2026,6,113,Van den Berg,BRE,Defender,0.6066666666666667,2,-1.3933333333333333,1.3933333333333333
2025-2026,6,261,Richards,CRY,Defender,2.6366666666666667,4,-1.3633333333333333,1.3633333333333333
2025-2026,6,661,Ekitiké,LIV,Forward,1.36,0,1.36,1.36
2025-2026,6,699,Douglas Luiz,NFO,Midfielder,1.3566666666666667,0,1.3566666666666667,1.3566666666666667
2025-2026,6,329,Wilson,FUL,Midfielder,2.3433333333333333,1,1.3433333333333333,1.3433333333333333
2025-2026,6,332,Lukić,FUL,Midfielder,5.326666666666667,4,1.326666666666667,1.326666666666667
2025-2026,6,532,Hume,SUN,Defender,7.31,6,1.3099999999999996,1.3099999999999996
2025-2026,6,25,Nwaneri,ARS,Midfielder,1.3066666666666666,0,1.3066666666666666,1.3066666666666666
2025-2026,6,517,Anderson,NFO,Midfielder,4.3,3,1.2999999999999998,1.2999999999999998
2025-2026,6,54,McGinn,AVL,Midfielder,7.293333333333333,6,1.293333333333333,1.293333333333333
2025-2026,6,8,J.Timber,ARS,Defender,3.27,2,1.27,1.27
2025-2026,6,311,Beto,EVE,Forward,0.7333333333333333,2,-1.2666666666666666,1.2666666666666666
2025-2026,6,291,Tarkowski,EVE,Defender,2.25,1,1.25,1.25
2025-2026,6,32,Martinez,AVL,Goalkeeper,4.213333333333333,3,1.213333333333333,1.213333333333333
2025-2026,6,714,Woltemade,NEW,Forward,5.81,7,-1.1900000000000004,1.1900000000000004
2025-2026,6,319,Castagne,FUL,Defender,1.81,3,-1.19,1.19
2025-2026,6,58,Kamara,AVL,Midfielder,2.1733333333333333,1,1.1733333333333333,1.1733333333333333
2025-2026,6,342,Bogle,LEE,Defender,1.8333333333333333,3,-1.1666666666666667,1.1666666666666667
2025-2026,6,295,Keane,EVE,Defender,9.833333333333334,11,-1.166666666666666,1.166666666666666
2025-2026,6,633,H.Bueno,WOL,Defender,3.16,2,1.1600000000000001,1.1600000000000001
2025-2026,6,97,Evanilson,BOU,Forward,0.85,2,-1.15,1.15
2025-2026,6,370,Frimpong,LIV,Defender,2.14,1,1.1400000000000001,1.1400000000000001
2025-2026,6,494,Willock,NEW,Midfielder,1.1233333333333333,0,1.1233333333333333,1.1233333333333333
2025-2026,6,382,Wirtz,LIV,Midfielder,0.88,2,-1.12,1.12
2025-2026,6,485,Gordon,NEW,Midfielder,1.8933333333333333,3,-1.1066666666666667,1.1066666666666667
2025-2026,6,85,Adams,BOU,Midfielder,0.9133333333333333,2,-1.0866666666666667,1.0866666666666667
2025-2026,6,236,Neto,CHE,Midfielder,0.9166666666666666,2,-1.0833333333333335,1.0833333333333335
2025-2026,6,67,Petrović,BOU,Goalkeeper,1.92,3,-1.08,1.08
2025-2026,6,469,Pope,NEW,Goalkeeper,3.0733333333333333,2,1.0733333333333333,1.0733333333333333
2025-2026,6,421,Rodrigo,MCI,Midfielder,1.07,0,1.07,1.07
2025-2026,6,386,Mac Allister,LIV,Midfielder,0.9366666666666666,2,-1.0633333333333335,1.0633333333333335
2025-2026,6,660,Stach,LEE,Midfielder,3.0633333333333335,2,1.0633333333333335,1.0633333333333335
2025-2026,6,187,Walker,BUR,Defender,0.056666666666666664,-1,1.0566666666666666,1.0566666666666666
2025-2026,6,258,Mitchell,CRY,Defender,2.95,4,-1.0499999999999998,1.0499999999999998
2025-2026,6,625,Füllkrug,WHU,Forward,0.97,2,-1.03,1.03
2025-2026,6,418,Doku,MCI,Midfielder,11.026666666666667,10,1.0266666666666673,1.0266666666666673
2025-2026,6,128,Onyeka,BRE,Midfielder,-0.02666666666666667,1,-1.0266666666666666,1.0266666666666666
2025-2026,6,440,Dalot,MUN,Defender,-0.02,1,-1.02,1.02
2025-2026,6,167,Baleba,BHA,Midfielder,0.98,2,-1.02,1.02
2025-2026,6,450,Cunha,MUN,Midfielder,0.99,2,-1.01,1.01
2025-2026,6,691,Calvert-Lewin,LEE,Forward,3.0,2,1.0,1.0
2025-2026,6,229,B.Badiashile,CHE,Defender,0.0,-1,1.0,1.0
2025-2026,6,676,Ugochukwu,BUR,Midfielder,0.0,1,-1.0,1.0
2025-2026,6,202,Bruun Larsen,BUR,Midfielder,0.0033333333333333335,1,-0.9966666666666667,0.9966666666666667
2025-2026,6,423,N.Gonzalez,MCI,Midfielder,2.993333333333333,2,0.9933333333333332,0.9933333333333332
2025-2026,6,166,Ayari,BHA,Midfielder,2.986666666666667,2,0.9866666666666668,0.9866666666666668
2025-2026,6,209,Laurent,BUR,Midfielder,2.986666666666667,2,0.9866666666666668,0.9866666666666668
2025-2026,6,207,Hannibal,BUR,Midfielder,0.013333333333333334,1,-0.9866666666666667,0.9866666666666667
2025-2026,6,90,Scott,BOU,Midfielder,1.9833333333333334,1,0.9833333333333334,0.9833333333333334
2025-2026,6,634,Mosquera,WOL,Defender,0.9833333333333333,0,0.9833333333333333,0.9833333333333333
2025-2026,6,708,M.Fernandes,WHU,Midfielder,1.0333333333333334,2,-0.9666666666666666,0.9666666666666666
2025-2026,6,241,Caicedo,CHE,Midfielder,2.9633333333333334,2,0.9633333333333334,0.9633333333333334
2025-2026,6,335,King,FUL,Midfielder,0.056666666666666664,1,-0.9433333333333334,0.9433333333333334
2025-2026,6,388,C.Jones,LIV,Midfielder,0.06333333333333334,1,-0.9366666666666666,0.9366666666666666
2025-2026,6,124,Henderson,BRE,Midfielder,6.933333333333334,6,0.9333333333333336,0.9333333333333336
2025-2026,6,152,Veltman,BHA,Defender,0.93,0,0.93,0.93
2025-2026,6,470,Dúbravka,BUR,Goalkeeper,1.93,1,0.9299999999999999,0.9299999999999999
2025-2026,6,366,A.Becker,LIV,Goalkeeper,1.0733333333333333,2,-0.9266666666666667,0.9266666666666667
2025-2026,6,365,Nmecha,LEE,Forward,0.07333333333333333,1,-0.9266666666666666,0.9266666666666666
2025-2026,6,424,Bobb,MCI,Midfielder,0.07333333333333333,1,-0.9266666666666666,0.9266666666666666
2025-2026,6,266,Eze,ARS,Midfielder,2.9166666666666665,2,0.9166666666666665,0.9166666666666665
2025-2026,6,217,Foster,BUR,Forward,1.0866666666666667,2,-0.9133333333333333,0.9133333333333333
2025-2026,6,256,Muñoz,CRY,Defender,1.0866666666666667,2,-0.9133333333333333,0.9133333333333333
2025-2026,6,500,Osula,NEW,Forward,0.09,1,-0.91,0.91
2025-2026,6,200,Anthony,BUR,Midfielder,5.093333333333334,6,-0.9066666666666663,0.9066666666666663
2025-2026,6,341,Darlow,LEE,Goalkeeper,2.9033333333333333,2,0.9033333333333333,0.9033333333333333
2025-2026,6,415,Savinho,MCI,Midfielder,2.89,2,0.8900000000000001,0.8900000000000001
2025-2026,6,474,Schär,NEW,Defender,0.89,0,0.89,0.89
2025-2026,6,709,Krejčí,WOL,Defender,2.8766666666666665,2,0.8766666666666665,0.8766666666666665
2025-2026,6,585,Bentancur,TOT,Midfielder,1.1266666666666667,2,-0.8733333333333333,0.8733333333333333
2025-2026,6,478,Trippier,NEW,Defender,0.87,0,0.87,0.87
2025-2026,6,1,Raya,ARS,Goalkeeper,2.8633333333333333,2,0.8633333333333333,0.8633333333333333
2025-2026,6,299,Ndiaye,EVE,Midfielder,1.14,2,-0.8600000000000001,0.8600000000000001
2025-2026,6,326,Adama,FUL,Midfielder,1.1566666666666667,2,-0.8433333333333333,0.8433333333333333
2025-2026,6,83,O.Dango,BRE,Midfielder,1.1666666666666667,2,-0.8333333333333333,0.8333333333333333
2025-2026,6,109,Henry,BRE,Defender,1.8266666666666667,1,0.8266666666666667,0.8266666666666667
2025-2026,6,631,Agbadou,WOL,Defender,1.82,1,0.8200000000000001,0.8200000000000001
2025-2026,6,646,Gomes,WOL,Midfielder,2.816666666666667,2,0.8166666666666669,0.8166666666666669
2025-2026,6,553,Talbi,SUN,Midfielder,2.19,3,-0.81,0.81
2025-2026,6,77,Hill,BOU,Defender,0.7966666666666666,0,0.7966666666666666,0.7966666666666666
2025-2026,6,662,Mosquera,ARS,Defender,1.7966666666666666,1,0.7966666666666666,0.7966666666666666
2025-2026,6,314,Leno,FUL,Goalkeeper,1.7933333333333332,1,0.7933333333333332,0.7933333333333332
2025-2026,6,347,Gudmundsson,LEE,Defender,0.21,1,-0.79,0.79
2025-2026,6,53,Malen,AVL,Midfielder,0.22333333333333333,1,-0.7766666666666666,0.7766666666666666
2025-2026,6,100,Kroupi.Jr,BOU,Forward,5.226666666666667,6,-0.7733333333333334,0.7733333333333334
2025-2026,6,565,Vicario,TOT,Goalkeeper,2.7666666666666666,2,0.7666666666666666,0.7666666666666666
2025-2026,6,516,Hudson-Odoi,NFO,Midfielder,0.25,1,-0.75,0.75
2025-2026,6,521,Sangaré,NFO,Midfielder,0.75,0,0.75,0.75
2025-2026,6,560,Isidor,SUN,Forward,1.2633333333333334,2,-0.7366666666666666,0.7366666666666666
2025-2026,6,452,Amad,MUN,Midfielder,0.73,0,0.73,0.73
2025-2026,6,544,Diarra,SUN,Midfielder,0.72,0,0.72,0.72
2025-2026,6,106,Collins,BRE,Defender,0.29,1,-0.71,0.71
2025-2026,6,615,Summerville,WHU,Midfielder,1.2966666666666666,2,-0.7033333333333334,0.7033333333333334
2025-2026,6,151,Van Hecke,BHA,Defender,3.7,3,0.7000000000000002,0.7000000000000002
2025-2026,6,673,J.Palhinha,TOT,Midfielder,8.3,9,-0.6999999999999993,0.6999999999999993
2025-2026,6,316,Robinson,FUL,Defender,0.31,1,-0.69,0.69
2025-2026,6,41,Pau,AVL,Defender,0.31666666666666665,1,-0.6833333333333333,0.6833333333333333
2025-2026,6,249,João Pedro,CHE,Forward,1.3233333333333333,2,-0.6766666666666667,0.6766666666666667
2025-2026,6,582,Kudus,TOT,Midfielder,2.6766666666666667,2,0.6766666666666667,0.6766666666666667
2025-2026,6,637,Toti,WOL,Defender,0.33,1,-0.6699999999999999,0.6699999999999999
2025-2026,6,210,Tchaouna,BUR,Midfielder,1.33,2,-0.6699999999999999,0.6699999999999999
2025-2026,6,525,Wood,NFO,Forward,1.3333333333333333,2,-0.6666666666666667,0.6666666666666667
2025-2026,6,410,Lewis,MCI,Defender,0.3433333333333333,1,-0.6566666666666667,0.6566666666666667
2025-2026,6,284,Nketiah,CRY,Forward,3.35,4,-0.6499999999999999,0.6499999999999999
2025-2026,6,712,Yeremy,CRY,Midfielder,3.6433333333333335,3,0.6433333333333335,0.6433333333333335
2025-2026,6,292,Mykolenko,EVE,Defender,0.37,1,-0.63,0.63
2025-2026,6,173,Wieffer,BHA,Midfielder,3.63,3,0.6299999999999999,0.6299999999999999
2025-2026,6,568,Pedro Porro,TOT,Defender,1.6266666666666667,1,0.6266666666666667,0.6266666666666667
2025-2026,6,230,Fofana,CHE,Defender,0.6233333333333333,0,0.6233333333333333,0.6233333333333333
2025-2026,6,22,Merino,ARS,Midfielder,6.616666666666666,6,0.6166666666666663,0.6166666666666663
2025-2026,6,283,Mateta,CRY,Forward,1.3866666666666667,2,-0.6133333333333333,0.6133333333333333
2025-2026,6,111,Pinnock,BRE,Defender,0.61,0,0.61,0.61
2025-2026,6,693,Hutchinson,NFO,Midfielder,0.39,1,-0.61,0.61
2025-2026,6,119,Mbeumo,MUN,Midfielder,1.3933333333333333,2,-0.6066666666666667,0.6066666666666667
2025-2026,6,160,Minteh,BHA,Midfielder,5.6066666666666665,5,0.6066666666666665,0.6066666666666665
2025-2026,6,457,Casemiro,MUN,Midfielder,0.6033333333333334,0,0.6033333333333334,0.6033333333333334
2025-2026,6,416,Bernardo,MCI,Midfielder,1.5933333333333333,1,0.5933333333333333,0.5933333333333333
2025-2026,6,627,Johnstone,WOL,Goalkeeper,2.5833333333333335,2,0.5833333333333335,0.5833333333333335
2025-2026,6,157,Mitoma,BHA,Midfielder,1.4166666666666667,2,-0.5833333333333333,0.5833333333333333
2025-2026,6,101,Kelleher,BRE,Goalkeeper,7.42,8,-0.5800000000000001,0.5800000000000001
2025-2026,6,87,Christie,BOU,Midfielder,3.42,4,-0.5800000000000001,0.5800000000000001
2025-2026,6,242,Dewsbury-Hall,EVE,Midfielder,0.42333333333333334,1,-0.5766666666666667,0.5766666666666667
2025-2026,6,384,Gakpo,LIV,Midfielder,0.42333333333333334,1,-0.5766666666666667,0.5766666666666667
2025-2026,6,686,Ngumoha,LIV,Midfielder,1.5666666666666667,1,0.5666666666666667,0.5666666666666667
2025-2026,6,371,Kerkez,LIV,Defender,0.45,1,-0.55,0.55
2025-2026,6,654,Strand Larsen,WOL,Forward,1.4533333333333334,2,-0.5466666666666666,0.5466666666666666
2025-2026,6,511,Morato,NFO,Defender,2.5366666666666666,2,0.5366666666666666,0.5366666666666666
2025-2026,6,86,Brooks,BOU,Midfielder,0.4766666666666667,1,-0.5233333333333333,0.5233333333333333
2025-2026,6,385,Chiesa,LIV,Midfielder,4.483333333333333,5,-0.5166666666666666,0.5166666666666666
2025-2026,6,7,Calafiori,ARS,Defender,1.5133333333333334,1,0.5133333333333334,0.5133333333333334
2025-2026,6,372,Robertson,LIV,Defender,0.51,0,0.51,0.51
2025-2026,6,146,Dunk,BHA,Defender,0.49,1,-0.51,0.51
2025-2026,6,12,Zinchenko,NFO,Defender,2.4966666666666666,2,0.4966666666666666,0.4966666666666666
2025-2026,6,139,Verbruggen,BHA,Goalkeeper,1.51,2,-0.49,0.49
2025-2026,6,722,Florentino,BUR,Midfielder,3.5166666666666666,4,-0.4833333333333334,0.4833333333333334
2025-2026,6,405,Aké,MCI,Defender,1.48,1,0.48,0.48
2025-2026,6,698,Okafor,LEE,Midfielder,2.4766666666666666,2,0.47666666666666657,0.47666666666666657
2025-2026,6,328,Sessegnon,FUL,Midfielder,2.473333333333333,2,0.47333333333333316,0.47333333333333316
2025-2026,6,273,Wharton,CRY,Midfielder,2.533333333333333,3,-0.4666666666666668,0.4666666666666668
2025-2026,6,158,Georginio,BHA,Midfielder,2.4633333333333334,2,0.4633333333333334,0.4633333333333334
2025-2026,6,541,Reinildo,SUN,Defender,0.4633333333333333,0,0.4633333333333333,0.4633333333333333
2025-2026,6,672,Hato,CHE,Defender,1.54,2,-0.45999999999999996,0.45999999999999996
2025-2026,6,331,Cairney,FUL,Midfielder,0.4533333333333333,0,0.4533333333333333,0.4533333333333333
2025-2026,6,5,Gabriel,ARS,Defender,12.556666666666667,13,-0.44333333333333336,0.44333333333333336
2025-2026,6,390,Gravenberch,LIV,Midfielder,8.436666666666667,8,0.4366666666666674,0.4366666666666674
2025-2026,6,678,Masuaku,SUN,Defender,0.43333333333333335,0,0.43333333333333335,0.43333333333333335
2025-2026,6,192,Hartman,BUR,Defender,3.4066666666666667,3,0.40666666666666673,0.40666666666666673
2025-2026,6,426,McAtee,NFO,Midfielder,0.5966666666666667,1,-0.4033333333333333,0.4033333333333333
2025-2026,6,431,Bayindir,MUN,Goalkeeper,2.3933333333333335,2,0.39333333333333353,0.39333333333333353
2025-2026,6,522,Yates,NFO,Midfielder,0.39,0,0.39,0.39
2025-2026,6,220,Sánchez,CHE,Goalkeeper,0.61,1,-0.39,0.39
2025-2026,6,375,Bradley,LIV,Defender,1.3866666666666667,1,0.3866666666666667,0.3866666666666667
2025-2026,6,74,Truffert,BOU,Defender,2.6133333333333333,3,-0.3866666666666667,0.3866666666666667
2025-2026,6,717,Xavi,TOT,Midfielder,1.3866666666666667,1,0.3866666666666667,0.3866666666666667
2025-2026,6,205,Cullen,BUR,Midfielder,4.383333333333334,4,0.38333333333333375,0.38333333333333375
2025-2026,6,621,Irving,WHU,Midfielder,0.6166666666666667,1,-0.3833333333333333,0.3833333333333333
2025-2026,6,17,Ødegaard,ARS,Midfielder,3.6233333333333335,4,-0.3766666666666665,0.3766666666666665
2025-2026,6,591,Gray,TOT,Midfielder,0.37333333333333335,0,0.37333333333333335,0.37333333333333335
2025-2026,6,531,Ballard,SUN,Defender,1.3733333333333333,1,0.3733333333333333,0.3733333333333333
2025-2026,6,490,Joelinton,NEW,Midfielder,3.37,3,0.3700000000000001,0.3700000000000001
2025-2026,6,614,Ward-Prowse,WHU,Midfielder,0.37,0,0.37,0.37
2025-2026,6,570,Danso,TOT,Defender,0.37,0,0.37,0.37
2025-2026,6,670,Roefs,SUN,Goalkeeper,10.366666666666667,10,0.36666666666666714,0.36666666666666714
2025-2026,6,526,Igor Jesus,NFO,Forward,0.6366666666666667,1,-0.3633333333333333,0.3633333333333333
2025-2026,6,669,Ndoye,NFO,Midfielder,1.36,1,0.3600000000000001,0.3600000000000001
2025-2026,6,10,Lewis-Skelly,ARS,Defender,1.35,1,0.3500000000000001,0.3500000000000001
2025-2026,6,129,Yarmoliuk,BRE,Midfielder,6.65,7,-0.34999999999999964,0.34999999999999964
2025-2026,6,597,Richarlison,TOT,Forward,2.3433333333333333,2,0.34333333333333327,0.34333333333333327
2025-2026,6,681,Šeško,MUN,Forward,7.663333333333333,8,-0.3366666666666669,0.3366666666666669
2025-2026,6,549,Neil,SUN,Midfielder,0.3333333333333333,0,0.3333333333333333,0.3333333333333333
2025-2026,6,487,Barnes,NEW,Midfielder,1.33,1,0.33000000000000007,0.33000000000000007
2025-2026,6,215,Flemming,BUR,Forward,0.32,0,0.32,0.32
2025-2026,6,168,Buonanotte,CHE,Midfielder,0.32,0,0.32,0.32
2025-2026,6,16,Saka,ARS,Midfielder,2.316666666666667,2,0.3166666666666669,0.3166666666666669
2025-2026,6,499,Isak,LIV,Forward,2.3133333333333335,2,0.31333333333333346,0.31333333333333346
2025-2026,6,221,Jörgensen,CHE,Goalkeeper,0.31333333333333335,0,0.31333333333333335,0.31333333333333335
2025-2026,6,321,J.Cuenca,FUL,Defender,0.31333333333333335,0,0.31333333333333335,0.31333333333333335
2025-2026,6,80,Soler,BOU,Defender,0.31,0,0.31,0.31
2025-2026,6,88,Cook,BOU,Midfielder,0.31,0,0.31,0.31
2025-2026,6,456,Sancho,AVL,Midfielder,0.31,0,0.31,0.31
2025-2026,6,453,Garnacho,CHE,Midfielder,0.31,0,0.31,0.31
2025-2026,6,466,Zirkzee,MUN,Forward,0.6966666666666667,1,-0.30333333333333334,0.30333333333333334
2025-2026,6,225,James,CHE,Defender,2.7,3,-0.2999999999999998,0.2999999999999998
2025-2026,6,455,Mount,MUN,Midfielder,0.7033333333333334,1,-0.29666666666666663,0.29666666666666663
2025-2026,6,18,Madueke,ARS,Midfielder,0.2866666666666667,0,0.2866666666666667,0.2866666666666667
2025-2026,6,736,Donnarumma,MCI,Goalkeeper,1.7133333333333334,2,-0.2866666666666666,0.2866666666666666
2025-2026,6,351,Gnonto,LEE,Midfielder,0.2833333333333333,0,0.2833333333333333,0.2833333333333333
2025-2026,6,613,Souček,WHU,Midfielder,-0.28,0,-0.28,0.28
2025-2026,6,491,Tonali,NEW,Midfielder,6.276666666666666,6,0.2766666666666664,0.2766666666666664
2025-2026,6,593,P.M.Sarr,TOT,Midfielder,4.273333333333333,4,0.27333333333333343,0.27333333333333343
2025-2026,6,389,Elliott,AVL,Midfielder,1.27,1,0.27,0.27
2025-2026,6,489,J.Murphy,NEW,Midfielder,2.736666666666667,3,-0.2633333333333332,0.2633333333333332
2025-2026,6,121,Damsgaard,BRE,Midfielder,1.7433333333333334,2,-0.2566666666666666,0.2566666666666666
2025-2026,6,330,Berge,FUL,Midfielder,2.25,2,0.25,0.25
2025-2026,6,574,Udogie,TOT,Defender,2.25,2,0.25,0.25
2025-2026,6,645,Fer López,WOL,Midfielder,0.23666666666666666,0,0.23666666666666666,0.23666666666666666
2025-2026,6,116,Hickey,BRE,Defender,1.7666666666666666,2,-0.2333333333333334,0.2333333333333334
2025-2026,6,480,Lascelles,NEW,Defender,0.22666666666666666,0,0.22666666666666666,0.22666666666666666
2025-2026,6,190,Ekdal,BUR,Defender,0.22333333333333333,0,0.22333333333333333,0.22333333333333333
2025-2026,6,584,Tel,TOT,Midfielder,1.22,1,0.21999999999999997,0.21999999999999997
2025-2026,6,642,Hee Chan,WOL,Midfielder,0.7866666666666666,1,-0.21333333333333337,0.21333333333333337
2025-2026,6,543,Adingra,SUN,Midfielder,1.2033333333333334,1,0.20333333333333337,0.20333333333333337
2025-2026,6,619,L.Guilherme,WHU,Midfielder,1.2033333333333334,1,0.20333333333333337,0.20333333333333337
2025-2026,6,246,Andrey Santos,CHE,Midfielder,1.2033333333333334,1,0.20333333333333337,0.20333333333333337
2025-2026,6,552,Sadiki,SUN,Midfielder,2.203333333333333,2,0.20333333333333314,0.20333333333333314
2025-2026,6,436,De Ligt,MUN,Defender,2.8,3,-0.20000000000000018,0.20000000000000018
2025-2026,6,635,R.Gomes,WOL,Defender,0.2,0,0.2,0.2
2025-2026,6,643,André,WOL,Midfielder,5.183333333333334,5,0.18333333333333357,0.18333333333333357
2025-2026,6,107,Lewis-Potter,BRE,Defender,0.8166666666666667,1,-0.18333333333333335,0.18333333333333335
2025-2026,6,659,Walker-Peters,WHU,Defender,0.8166666666666667,1,-0.18333333333333335,0.18333333333333335
2025-2026,6,600,Areola,WHU,Goalkeeper,3.1733333333333333,3,0.17333333333333334,0.17333333333333334
2025-2026,6,443,Shaw,MUN,Defender,1.1666666666666667,1,0.16666666666666674,0.16666666666666674
2025-2026,6,506,Murillo,NFO,Defender,0.16,0,0.16,0.16
2025-2026,6,110,Kayode,BRE,Defender,2.1566666666666667,2,0.15666666666666673,0.15666666666666673
2025-2026,6,663,J.Arias,WOL,Midfielder,5.1466666666666665,5,0.1466666666666665,0.1466666666666665
2025-2026,6,731,Kevin,FUL,Midfielder,0.8566666666666667,1,-0.1433333333333333,0.1433333333333333
2025-2026,6,505,Milenković,NFO,Defender,1.1433333333333333,1,0.1433333333333333,0.1433333333333333
2025-2026,6,19,Martinelli,ARS,Midfielder,0.8566666666666667,1,-0.1433333333333333,0.1433333333333333
2025-2026,6,677,Guessand,AVL,Midfielder,2.14,2,0.14000000000000012,0.14000000000000012
2025-2026,6,588,Odobert,TOT,Midfielder,1.1366666666666667,1,0.13666666666666671,0.13666666666666671
2025-2026,6,551,Rigg,SUN,Midfielder,1.1333333333333333,1,0.1333333333333333,0.1333333333333333
2025-2026,6,707,Dibling,EVE,Midfielder,1.1266666666666667,1,0.1266666666666667,0.1266666666666667
2025-2026,6,272,Lerma,CRY,Midfielder,1.1266666666666667,1,0.1266666666666667,0.1266666666666667
2025-2026,6,350,Aaronson,LEE,Midfielder,4.12,4,0.1200000000000001,0.1200000000000001
2025-2026,6,180,Tzimas,BHA,Forward,1.12,1,0.1200000000000001,0.1200000000000001
2025-2026,6,721,Milosavljević,BOU,Defender,0.12,0,0.12,0.12
2025-2026,6,668,Xhaka,SUN,Midfielder,8.883333333333333,9,-0.11666666666666714,0.11666666666666714
2025-2026,6,486,Elanga,NEW,Midfielder,1.1166666666666667,1,0.1166666666666667,0.1166666666666667
2025-2026,6,125,Janelt,BRE,Midfielder,1.1166666666666667,1,0.1166666666666667,0.1166666666666667
2025-2026,6,497,L.Miley,NEW,Midfielder,-0.11666666666666667,0,-0.11666666666666667,0.11666666666666667
2025-2026,6,502,Sels,NFO,Goalkeeper,1.8866666666666667,2,-0.11333333333333329,0.11333333333333329
2025-2026,6,671,Wilson,WHU,Forward,0.10666666666666667,0,0.10666666666666667,0.10666666666666667
2025-2026,6,356,Gruev,LEE,Midfielder,-0.10666666666666667,0,-0.10666666666666667,0.10666666666666667
2025-2026,6,337,Raúl,FUL,Forward,5.8933333333333335,6,-0.10666666666666647,0.10666666666666647
2025-2026,6,515,Gibbs-White,NFO,Midfielder,0.8966666666666666,1,-0.10333333333333339,0.10333333333333339
2025-2026,6,373,Virgil,LIV,Defender,1.8966666666666667,2,-0.10333333333333328,0.10333333333333328
2025-2026,6,735,Traoré,SUN,Midfielder,1.1,1,0.10000000000000009,0.10000000000000009
2025-2026,6,84,Tavernier,BOU,Midfielder,0.9,1,-0.09999999999999998,0.09999999999999998
2025-2026,6,228,Gusto,CHE,Defender,-0.09666666666666666,0,-0.09666666666666666,0.09666666666666666
2025-2026,6,561,Mayenda,SUN,Forward,-0.08333333333333333,0,-0.08333333333333333,0.08333333333333333
2025-2026,6,680,Broja,BUR,Forward,1.0833333333333333,1,0.08333333333333326,0.08333333333333326
2025-2026,6,720,Tolu,WOL,Forward,0.92,1,-0.07999999999999996,0.07999999999999996
2025-2026,6,303,Garner,EVE,Midfielder,6.923333333333333,7,-0.0766666666666671,0.0766666666666671
2025-2026,6,48,Tielemans,AVL,Midfielder,0.07666666666666666,0,0.07666666666666666,0.07666666666666666
2025-2026,6,444,Yoro,MUN,Defender,0.9233333333333333,1,-0.07666666666666666,0.07666666666666666
2025-2026,6,358,Tanaka,LEE,Midfielder,1.0766666666666667,1,0.07666666666666666,0.07666666666666666
2025-2026,6,6,Saliba,ARS,Defender,0.9266666666666666,1,-0.07333333333333336,0.07333333333333336
2025-2026,6,719,Lindelöf,AVL,Defender,0.9266666666666666,1,-0.07333333333333336,0.07333333333333336
2025-2026,6,606,Mavropanos,WHU,Defender,1.0733333333333333,1,0.07333333333333325,0.07333333333333325
2025-2026,6,170,Milner,BHA,Midfielder,0.06333333333333334,0,0.06333333333333334,0.06333333333333334
2025-2026,6,623,Potts,WHU,Midfielder,1.0633333333333332,1,0.06333333333333324,0.06333333333333324
2025-2026,6,695,Tchatchoua,WOL,Defender,0.9466666666666667,1,-0.053333333333333344,0.053333333333333344
2025-2026,6,270,Hughes,CRY,Midfielder,0.9466666666666667,1,-0.053333333333333344,0.053333333333333344
2025-2026,6,149,Igor,WHU,Defender,1.0533333333333332,1,0.05333333333333323,0.05333333333333323
2025-2026,6,64,Watkins,AVL,Forward,8.046666666666667,8,0.046666666666666856,0.046666666666666856
2025-2026,6,732,Uche,CRY,Forward,0.04666666666666667,0,0.04666666666666667,0.04666666666666667
2025-2026,6,734,Bakwa,NFO,Midfielder,1.9533333333333334,2,-0.046666666666666634,0.046666666666666634
2025-2026,6,239,Gittens,CHE,Midfielder,0.043333333333333335,0,0.043333333333333335,0.043333333333333335
2025-2026,6,224,Cucurella,CHE,Defender,0.04,0,0.04,0.04
2025-2026,6,276,Devenny,CRY,Midfielder,1.03,1,0.030000000000000027,0.030000000000000027
2025-2026,6,374,Konaté,LIV,Defender,2.973333333333333,3,-0.02666666666666684,0.02666666666666684
2025-2026,6,232,Tosin,CHE,Defender,0.02666666666666667,0,0.02666666666666667,0.02666666666666667
2025-2026,6,724,Geertruida,SUN,Defender,1.0266666666666666,1,0.026666666666666616,0.026666666666666616
2025-2026,6,728,Röhl,EVE,Midfielder,0.023333333333333334,0,0.023333333333333334,0.023333333333333334
2025-2026,6,458,Mainoo,MUN,Midfielder,0.98,1,-0.020000000000000018,0.020000000000000018
2025-2026,6,679,Hermansen,WHU,Goalkeeper,-0.02,0,-0.02,0.02
2025-2026,6,628,José Sá,WOL,Goalkeeper,-0.02,0,-0.02,0.02
2025-2026,6,304,Iroegbunam,EVE,Midfielder,0.016666666666666666,0,0.016666666666666666,0.016666666666666666
2025-2026,6,126,Jensen,BRE,Midfielder,6.013333333333334,6,0.013333333333333641,0.013333333333333641
2025-2026,6,696,Kalimuendo,NFO,Forward,1.0133333333333334,1,0.01333333333333342,0.01333333333333342
2025-2026,6,580,Johnson,TOT,Midfielder,0.9866666666666667,1,-0.013333333333333308,0.013333333333333308
2025-2026,6,325,Smith Rowe,FUL,Midfielder,0.9866666666666667,1,-0.013333333333333308,0.013333333333333308
2025-2026,6,644,Bellegarde,WOL,Midfielder,0.99,1,-0.010000000000000009,0.010000000000000009
2025-2026,6,697,Adli,BOU,Midfielder,1.01,1,0.010000000000000009,0.010000000000000009
2025-2026,6,352,Harrison,LEE,Midfielder,0.9933333333333333,1,-0.00666666666666671,0.00666666666666671
2025-2026,6,199,Worrall,BUR,Defender,0.006666666666666667,0,0.006666666666666667,0.006666666666666667
2025-2026,6,718,S.Magassa,WHU,Midfielder,0.006666666666666667,0,0.006666666666666667,0.006666666666666667
2025-2026,6,163,Hinshelwood,BHA,Midfielder,-0.006666666666666667,0,-0.006666666666666667,0.006666666666666667
2025-2026,6,730,Brobbey,SUN,Forward,1.0033333333333334,1,0.0033333333333334103,0.0033333333333334103
2025-2026,6,727,Chukwueze,FUL,Midfielder,1.0033333333333334,1,0.0033333333333334103,0.0033333333333334103
2025-2026,6,310,Barry,EVE,Forward,1.0033333333333334,1,0.0033333333333334103,0.0033333333333334103
2025-2026,6,353,James,LEE,Midfielder,0.0033333333333333335,0,0.0033333333333333335,0.0033333333333333335
2025-2026,6,409,Stones,MCI,Defender,0.0033333333333333335,0,0.0033333333333333335,0.0033333333333333335
2025-2026,6,546,Aleksić,SUN,Midfielder,0.0,0,0.0,0.0
2025-2026,6,484,Targett,NEW,Defender,0.0,0,0.0,0.0
2025-2026,6,545,Roberts,SUN,Midfielder,0.0,0,0.0,0.0
2025-2026,6,542,Seelt,SUN,Defender,0.0,0,0.0,0.0
2025-2026,6,540,Pembele,SUN,Defender,0.0,0,0.0,0.0
2025-2026,6,539,O'Nien,SUN,Defender,0.0,0,0.0,0.0
2025-2026,6,492,Antoñito C.,NEW,Midfielder,0.0,0,0.0,0.0
2025-2026,6,234,Anselmino,CHE,Defender,0.0,0,0.0,0.0
2025-2026,6,538,Johnson,SUN,Defender,0.0,0,0.0,0.0
2025-2026,6,537,Huggins,SUN,Defender,0.0,0,0.0,0.0
2025-2026,6,536,Hjelde,SUN,Defender,0.0,0,0.0,0.0
2025-2026,6,578,Vuskovic,TOT,Defender,0.0,0,0.0,0.0
2025-2026,6,577,Takai,TOT,Defender,0.0,0,0.0,0.0
2025-2026,6,576,Phillips,TOT,Defender,0.0,0,0.0,0.0
2025-2026,6,572,Dragusin,TOT,Defender,0.0,0,0.0,0.0
2025-2026,6,571,Davies,TOT,Defender,0.0,0,0.0,0.0
2025-2026,6,567,Kinsky,TOT,Goalkeeper,0.0,0,0.0,0.0
2025-2026,6,240,Nkunku,CHE,Midfielder,0.0,0,0.0,0.0
2025-2026,6,548,Mundle,SUN,Midfielder,0.0,0,0.0,0.0
2025-2026,6,78,J.Araujo,BOU,Defender,0.0,0,0.0,0.0
2025-2026,6,76,Bevan,BOU,Defender,0.0,0,0.0,0.0
2025-2026,6,75,Akinmboni,BOU,Defender,0.0,0,0.0,0.0
2025-2026,6,564,Rusyn,SUN,Forward,0.0,0,0.0,0.0
2025-2026,6,563,Luís Hemir,SUN,Forward,0.0,0,0.0,0.0
2025-2026,6,562,Abdullahi,SUN,Forward,0.0,0,0.0,0.0
2025-2026,6,559,Triantis,SUN,Midfielder,0.0,0,0.0,0.0
2025-2026,6,558,Matete,SUN,Midfielder,0.0,0,0.0,0.0
2025-2026,6,557,H.Jones,SUN,Midfielder,0.0,0,0.0,0.0
2025-2026,6,556,Ekwah,SUN,Midfielder,0.0,0,0.0,0.0
2025-2026,6,589,Solomon,TOT,Midfielder,0.0,0,0.0,0.0
2025-2026,6,481,A.Murphy,NEW,Defender,0.0,0,0.0,0.0
2025-2026,6,70,Paulsen,BOU,Goalkeeper,0.0,0,0.0,0.0
2025-2026,6,69,McKenna,BOU,Goalkeeper,0.0,0,0.0,0.0
2025-2026,6,68,Dennis,BOU,Goalkeeper,0.0,0,0.0,0.0
2025-2026,6,66,Neto,BOU,Goalkeeper,0.0,0,0.0,0.0
2025-2026,6,65,Redmond,AVL,Forward,0.0,0,0.0,0.0
2025-2026,6,592,Moore,TOT,Midfielder,0.0,0,0.0,0.0
2025-2026,6,483,Pivas,NEW,Defender,0.0,0,0.0,0.0
2025-2026,6,590,Bryan,TOT,Midfielder,0.0,0,0.0,0.0
2025-2026,6,566,Austin,TOT,Goalkeeper,0.0,0,0.0,0.0
2025-2026,6,71,Zabarnyi,BOU,Defender,0.0,0,0.0,0.0
2025-2026,6,219,Obafemi,BUR,Forward,0.0,0,0.0,0.0
2025-2026,6,533,Alese,SUN,Defender,0.0,0,0.0,0.0
2025-2026,6,530,Nna Noukeu,SUN,Goalkeeper,0.0,0,0.0,0.0
2025-2026,6,519,Dominguez,NFO,Midfielder,0.0,0,0.0,0.0
2025-2026,6,529,Moore,SUN,Goalkeeper,0.0,0,0.0,0.0
2025-2026,6,96,Winterburn,BOU,Midfielder,0.0,0,0.0,0.0
2025-2026,6,95,Silcott-Duberry,BOU,Midfielder,0.0,0,0.0,0.0
2025-2026,6,94,Sadi,BOU,Midfielder,0.0,0,0.0,0.0
2025-2026,6,93,H.Traorè,BOU,Midfielder,0.0,0,0.0,0.0
2025-2026,6,92,Faivre,BOU,Midfielder,0.0,0,0.0,0.0
2025-2026,6,79,Mepham,BOU,Defender,0.0,0,0.0,0.0
2025-2026,6,89,Philip,BOU,Midfielder,0.0,0,0.0,0.0
2025-2026,6,81,Kluivert,BOU,Midfielder,1.0,1,0.0,0.0
2025-2026,6,528,Patterson,SUN,Goalkeeper,0.0,0,0.0,0.0
2025-2026,6,520,O'Brien,NFO,Midfielder,0.0,0,0.0,0.0
2025-2026,6,555,Browne,SUN,Midfielder,0.0,0,0.0,0.0
2025-2026,6,554,Ba,SUN,Midfielder,0.0,0,0.0,0.0
2025-2026,6,503,C.Miguel,NFO,Goalkeeper,0.0,0,0.0,0.0
2025-2026,6,527,Awoniyi,NFO,Forward,0.0,0,0.0,0.0
2025-2026,6,524,Stamenic,NFO,Midfielder,0.0,0,0.0,0.0
2025-2026,6,523,Da Silva Moreira,NFO,Midfielder,0.0,0,0.0,0.0
2025-2026,6,91,Sinisterra,BOU,Midfielder,0.0,0,0.0,0.0
2025-2026,6,201,Benson,BUR,Midfielder,0.0,0,0.0,0.0
2025-2026,6,211,A.Ramsey,BUR,Midfielder,0.0,0,0.0,0.0
2025-2026,6,198,Tuanzebe,BUR,Defender,0.0,0,0.0,0.0
2025-2026,6,197,Sonne,BUR,Defender,0.0,0,0.0,0.0
2025-2026,6,212,Adewumi,BUR,Midfielder,0.0,0,0.0,0.0
2025-2026,6,196,Sambo,BUR,Defender,0.0,0,0.0,0.0
2025-2026,6,195,Lucas Pires,BUR,Defender,0.0,0,0.0,0.0
2025-2026,6,194,Jordan,BUR,Defender,0.0,0,0.0,0.0
2025-2026,6,193,Humphreys,BUR,Defender,0.0,0,0.0,0.0
2025-2026,6,213,Banel,BUR,Midfielder,0.0,0,0.0,0.0
2025-2026,6,534,Anderson,SUN,Defender,0.0,0,0.0,0.0
2025-2026,6,269,Esse,CRY,Midfielder,0.0,0,0.0,0.0
2025-2026,6,216,Amdouni,BUR,Forward,0.0,0,0.0,0.0
2025-2026,6,268,Doucouré,CRY,Midfielder,0.0,0,0.0,0.0
2025-2026,6,218,Barnes,BUR,Forward,0.0,0,0.0,0.0
2025-2026,6,265,Kporha,CRY,Defender,0.0,0,0.0,0.0
2025-2026,6,294,Coleman,EVE,Defender,0.0,0,0.0,0.0
2025-2026,6,290,Branthwaite,EVE,Defender,0.0,0,0.0,0.0
2025-2026,6,289,Tyrer,EVE,Goalkeeper,0.0,0,0.0,0.0
2025-2026,6,550,Poveda,SUN,Midfielder,0.0,0,0.0,0.0
2025-2026,6,535,Cirkin,SUN,Defender,0.0,0,0.0,0.0
2025-2026,6,214,Trésor,BUR,Midfielder,0.0,0,0.0,0.0
2025-2026,6,701,Rowe,AVL,Defender,0.0,0,0.0,0.0
2025-2026,6,33,M.Bizot,AVL,Goalkeeper,0.0,0,0.0,0.0
2025-2026,6,667,Aznou,EVE,Defender,0.0,0,0.0,0.0
2025-2026,6,665,Perri,LEE,Goalkeeper,0.0,0,0.0,0.0
2025-2026,6,664,Lecomte,FUL,Goalkeeper,0.0,0,0.0,0.0
2025-2026,6,658,Fraser,WOL,Forward,0.0,0,0.0,0.0
2025-2026,6,657,Chiwome,WOL,Forward,0.0,0,0.0,0.0
2025-2026,6,656,Kalajdžić,WOL,Forward,0.0,0,0.0,0.0
2025-2026,6,29,Sambi,ARS,Midfielder,0.0,0,0.0,0.0
2025-2026,6,28,Kabia,ARS,Midfielder,0.0,0,0.0,0.0
2025-2026,6,27,Nelson,BRE,Midfielder,0.0,0,0.0,0.0
2025-2026,6,482,Ashby,NEW,Defender,0.0,0,0.0,0.0
2025-2026,6,13,Clarke,ARS,Defender,0.0,0,0.0,0.0
2025-2026,6,11,White,ARS,Defender,0.0,0,0.0,0.0
2025-2026,6,9,Kiwior,ARS,Defender,0.0,0,0.0,0.0
2025-2026,6,740,Mfuni,MCI,Defender,0.0,0,0.0,0.0
2025-2026,6,739,Mukasa,MCI,Midfielder,0.0,0,0.0,0.0
2025-2026,6,652,Gonzalez,WOL,Midfielder,0.0,0,0.0,0.0
2025-2026,6,651,Edozie,WOL,Midfielder,0.0,0,0.0,0.0
2025-2026,6,650,Chirewa,WOL,Midfielder,0.0,0,0.0,0.0
2025-2026,6,649,B.Traore,WOL,Midfielder,0.0,0,0.0,0.0
2025-2026,6,647,Guedes,WOL,Midfielder,0.0,0,0.0,0.0
2025-2026,6,641,Pond,WOL,Defender,0.0,0,0.0,0.0
2025-2026,6,14,Kacurri,ARS,Defender,0.0,0,0.0,0.0
2025-2026,6,716,Savona,NFO,Defender,0.0,0,0.0,0.0
2025-2026,6,715,John,NFO,Goalkeeper,0.0,0,0.0,0.0
2025-2026,6,713,A.Jimenez,BOU,Defender,0.0,0,0.0,0.0
2025-2026,6,711,Harriman-Annous,ARS,Midfielder,0.0,0,0.0,0.0
2025-2026,6,710,Patterson,AVL,Defender,0.0,0,0.0,0.0
2025-2026,6,264,Holding,CRY,Defender,0.0,0,0.0,0.0
2025-2026,6,263,Clyne,CRY,Defender,0.0,0,0.0,0.0
2025-2026,6,30,Havertz,ARS,Forward,0.0,0,0.0,0.0
2025-2026,6,206,Edwards,BUR,Midfielder,0.0,0,0.0,0.0
2025-2026,6,204,Churlinov,BUR,Midfielder,0.0,0,0.0,0.0
2025-2026,6,203,Boateng,BUR,Midfielder,0.0,0,0.0,0.0
2025-2026,6,46,Yasin,AVL,Defender,0.0,0,0.0,0.0
2025-2026,6,704,Onyango,EVE,Midfielder,0.0,0,0.0,0.0
2025-2026,6,726,Kolo Muani,TOT,Forward,0.0,0,0.0,0.0
2025-2026,6,725,Hincapie,ARS,Defender,0.0,0,0.0,0.0
2025-2026,6,723,Canvot,CRY,Defender,0.0,0,0.0,0.0
2025-2026,6,687,Rees-Dottin,BOU,Midfielder,0.0,0,0.0,0.0
2025-2026,6,682,Møller Wolfe,WOL,Defender,0.0,0,0.0,0.0
2025-2026,6,705,Campbell,EVE,Defender,0.0,0,0.0,0.0
2025-2026,6,706,Justin,LEE,Defender,0.0,0,0.0,0.0
2025-2026,6,675,Gunn,NFO,Goalkeeper,0.0,0,0.0,0.0
2025-2026,6,674,Ramsdale,NEW,Goalkeeper,0.0,0,0.0,0.0
2025-2026,6,690,Cardines,CRY,Midfielder,0.0,0,0.0,0.0
2025-2026,6,703,Proctor,AVL,Goalkeeper,0.0,0,0.0,0.0
2025-2026,6,622,Orford,WHU,Midfielder,0.0,0,0.0,0.0
2025-2026,6,620,Earthy,WHU,Midfielder,0.0,0,0.0,0.0
2025-2026,6,618,G.Rodriguez,WHU,Midfielder,0.0,0,0.0,0.0
2025-2026,6,617,Cornet,WHU,Midfielder,0.0,0,0.0,0.0
2025-2026,6,616,Álvarez,WHU,Midfielder,0.0,0,0.0,0.0
2025-2026,6,611,Casey,WHU,Defender,0.0,0,0.0,0.0
2025-2026,6,610,Wan-Bissaka,WHU,Defender,0.0,0,0.0,0.0
2025-2026,6,609,Todibo,WHU,Defender,0.0,0,0.0,0.0
2025-2026,6,608,Scarles,WHU,Defender,0.0,0,0.0,0.0
2025-2026,6,607,N.Aguerd,WHU,Defender,0.0,0,0.0,0.0
2025-2026,6,604,Emerson,WHU,Defender,0.0,0,0.0,0.0
2025-2026,6,63,Young,AVL,Midfielder,0.0,0,0.0,0.0
2025-2026,6,587,Bissouma,TOT,Midfielder,0.0,0,0.0,0.0
2025-2026,6,583,Kulusevski,TOT,Midfielder,0.0,0,0.0,0.0
2025-2026,6,581,Maddison,TOT,Midfielder,0.0,0,0.0,0.0
2025-2026,6,579,Son,TOT,Midfielder,0.0,0,0.0,0.0
2025-2026,6,602,Hegyi,WHU,Goalkeeper,0.0,0,0.0,0.0
2025-2026,6,601,Foderingham,WHU,Goalkeeper,0.0,0,0.0,0.0
2025-2026,6,599,Scarlett,TOT,Forward,0.0,0,0.0,0.0
2025-2026,6,598,Lankshear,TOT,Forward,0.0,0,0.0,0.0
2025-2026,6,596,Solanke,TOT,Forward,0.0,0,0.0,0.0
2025-2026,6,595,Olusesi,TOT,Midfielder,0.0,0,0.0,0.0
2025-2026,6,594,Min-hyeok,TOT,Midfielder,0.0,0,0.0,0.0
2025-2026,6,60,Broggio,AVL,Midfielder,0.0,0,0.0,0.0
2025-2026,6,62,Jimoh-Aloba,AVL,Midfielder,0.0,0,0.0,0.0
2025-2026,6,61,Dendoncker,AVL,Midfielder,0.0,0,0.0,0.0
2025-2026,6,43,Alex Moreno,AVL,Defender,0.0,0,0.0,0.0
2025-2026,6,42,A.García,AVL,Defender,0.0,0,0.0,0.0
2025-2026,6,39,Maatsen,AVL,Defender,0.0,0,0.0,0.0
2025-2026,6,35,Marschall,AVL,Goalkeeper,0.0,0,0.0,0.0
2025-2026,6,34,Gauci,AVL,Goalkeeper,0.0,0,0.0,0.0
2025-2026,6,59,Onana,AVL,Midfielder,0.0,0,0.0,0.0
2025-2026,6,57,Dobbin,AVL,Midfielder,0.0,0,0.0,0.0
2025-2026,6,56,Barrenechea,AVL,Midfielder,0.0,0,0.0,0.0
2025-2026,6,55,Barkley,AVL,Midfielder,0.0,0,0.0,0.0
2025-2026,6,626,Marshall,WHU,Forward,0.0,0,0.0,0.0
2025-2026,6,51,Iling Jr,AVL,Midfielder,0.0,0,0.0,0.0
2025-2026,6,49,Bailey,AVL,Midfielder,0.0,0,0.0,0.0
2025-2026,6,640,Pedro Lima,WOL,Defender,0.0,0,0.0,0.0
2025-2026,6,639,Meupiyou,WOL,Defender,0.0,0,0.0,0.0
2025-2026,6,638,Hoever,WOL,Defender,0.0,0,0.0,0.0
2025-2026,6,632,Doherty,WOL,Defender,0.0,0,0.0,0.0
2025-2026,6,630,King,EVE,Goalkeeper,0.0,0,0.0,0.0
2025-2026,6,629,Bentley,WOL,Goalkeeper,0.0,0,0.0,0.0
2025-2026,6,655,Fábio Silva,WOL,Forward,0.0,0,0.0,0.0
2025-2026,6,653,Hodge,WOL,Midfielder,0.0,0,0.0,0.0
2025-2026,6,73,Smith,BOU,Defender,0.0,0,0.0,0.0
2025-2026,6,52,J.Ramsey,NEW,Midfielder,0.0,0,0.0,0.0
2025-2026,6,362,Piroe,LEE,Forward,0.0,0,0.0,0.0
2025-2026,6,361,Gyabi,LEE,Midfielder,0.0,0,0.0,0.0
2025-2026,6,360,Gelhardt,LEE,Midfielder,0.0,0,0.0,0.0
2025-2026,6,397,Darwin,LIV,Forward,0.0,0,0.0,0.0
2025-2026,6,396,Nyoni,LIV,Midfielder,0.0,0,0.0,0.0
2025-2026,6,395,Morton,LIV,Midfielder,0.0,0,0.0,0.0
2025-2026,6,394,McConnell,LIV,Midfielder,0.0,0,0.0,0.0
2025-2026,6,333,Godo,FUL,Midfielder,0.0,0,0.0,0.0
2025-2026,6,327,Andreas,FUL,Midfielder,0.0,0,0.0,0.0
2025-2026,6,359,Crew,LEE,Midfielder,0.0,0,0.0,0.0
2025-2026,6,357,Ramazani,LEE,Midfielder,0.0,0,0.0,0.0
2025-2026,6,15,Nichols,ARS,Defender,0.0,0,0.0,0.0
2025-2026,6,349,Schmidt,LEE,Defender,0.0,0,0.0,0.0
2025-2026,6,346,Byram,LEE,Defender,0.0,0,0.0,0.0
2025-2026,6,345,Bornauw,LEE,Defender,0.0,0,0.0,0.0
2025-2026,6,344,Bijol,LEE,Defender,0.0,0,0.0,0.0
2025-2026,6,340,Cairns,LEE,Goalkeeper,0.0,0,0.0,0.0
2025-2026,6,339,Meslier,LEE,Goalkeeper,0.0,0,0.0,0.0
2025-2026,6,383,Luis Díaz,LIV,Midfielder,0.0,0,0.0,0.0
2025-2026,6,380,Ramsay,LIV,Defender,0.0,0,0.0,0.0
2025-2026,6,379,R.Williams,LIV,Defender,0.0,0,0.0,0.0
2025-2026,6,248,Paez,CHE,Midfielder,0.0,0,0.0,0.0
2025-2026,6,247,D.Essugo,CHE,Midfielder,0.0,0,0.0,0.0
2025-2026,6,355,Greenwood,LEE,Midfielder,0.0,0,0.0,0.0
2025-2026,6,428,Nypan,MCI,Midfielder,0.0,0,0.0,0.0
2025-2026,6,425,Echeverri,MCI,Midfielder,0.0,0,0.0,0.0
2025-2026,6,393,Bajcetic,LIV,Midfielder,0.0,0,0.0,0.0
2025-2026,6,392,Endo,LIV,Midfielder,0.0,0,0.0,0.0
2025-2026,6,391,Gannon-Doak,BOU,Midfielder,1.0,1,0.0,0.0
2025-2026,6,159,March,BHA,Midfielder,0.0,0,0.0,0.0
2025-2026,6,156,Tasker,BHA,Defender,0.0,0,0.0,0.0
2025-2026,6,155,Slater,BHA,Defender,0.0,0,0.0,0.0
2025-2026,6,154,Cashin,BHA,Defender,0.0,0,0.0,0.0
2025-2026,6,153,Webster,BHA,Defender,0.0,0,0.0,0.0
2025-2026,6,150,Lamptey,BHA,Defender,0.0,0,0.0,0.0
2025-2026,6,363,Bamford,LEE,Forward,0.0,0,0.0,0.0
2025-2026,6,135,Wissa,NEW,Forward,0.0,0,0.0,0.0
2025-2026,6,134,Trevitt,BRE,Midfielder,0.0,0,0.0,0.0
2025-2026,6,133,Peart-Harris,BRE,Midfielder,0.0,0,0.0,0.0
2025-2026,6,132,Maghoma,BRE,Midfielder,0.0,0,0.0,0.0
2025-2026,6,131,Konak,BRE,Midfielder,0.0,0,0.0,0.0
2025-2026,6,378,Nallo,LIV,Defender,0.0,0,0.0,0.0
2025-2026,6,377,Tsimikas,LIV,Defender,0.0,0,0.0,0.0
2025-2026,6,376,Gomez,LIV,Defender,0.0,0,0.0,0.0
2025-2026,6,369,Woodman,LIV,Goalkeeper,0.0,0,0.0,0.0
2025-2026,6,368,Pécsi,LIV,Goalkeeper,0.0,0,0.0,0.0
2025-2026,6,367,Mamardashvili,LIV,Goalkeeper,0.0,0,0.0,0.0
2025-2026,6,364,Mateo Joseph,LEE,Forward,0.0,0,0.0,0.0
2025-2026,6,147,Estupiñan,BHA,Defender,0.0,0,0.0,0.0
2025-2026,6,250,Delap,CHE,Forward,0.0,0,0.0,0.0
2025-2026,6,702,Burrowes,AVL,Midfielder,0.0,0,0.0,0.0
2025-2026,6,737,Kusi-Asare,FUL,Forward,0.0,0,0.0,0.0
2025-2026,6,692,Leoni,LIV,Defender,0.0,0,0.0,0.0
2025-2026,6,262,Chadi Riad,CRY,Defender,0.0,0,0.0,0.0
2025-2026,6,309,Metcalfe,EVE,Midfielder,0.0,0,0.0,0.0
2025-2026,6,308,Heath,EVE,Midfielder,0.0,0,0.0,0.0
2025-2026,6,307,Ebere,EVE,Midfielder,0.0,0,0.0,0.0
2025-2026,6,306,Bates,EVE,Midfielder,0.0,0,0.0,0.0
2025-2026,6,689,Seung soo,NEW,Midfielder,0.0,0,0.0,0.0
2025-2026,6,227,Colwill,CHE,Defender,0.0,0,0.0,0.0
2025-2026,6,245,Mudryk,CHE,Midfielder,0.0,0,0.0,0.0
2025-2026,6,23,Fábio Vieira,ARS,Midfielder,0.0,0,0.0,0.0
2025-2026,6,700,Dowman,ARS,Midfielder,0.0,0,0.0,0.0
2025-2026,6,4,Setford,ARS,Goalkeeper,0.0,0,0.0,0.0
2025-2026,6,3,Hein,ARS,Goalkeeper,0.0,0,0.0,0.0
2025-2026,6,2,Arrizabalaga,ARS,Goalkeeper,0.0,0,0.0,0.0
2025-2026,6,741,Gray,LEE,Forward,0.0,0,0.0,0.0
2025-2026,6,45,Sousa,AVL,Defender,0.0,0,0.0,0.0
2025-2026,6,729,Cuiabano,NFO,Defender,0.0,0,0.0,0.0
2025-2026,6,31,G.Jesus,ARS,Forward,0.0,0,0.0,0.0
2025-2026,6,24,Nørgaard,ARS,Midfielder,0.0,0,0.0,0.0
2025-2026,6,738,Fabianski,WHU,Goalkeeper,0.0,0,0.0,0.0
2025-2026,6,733,Lammens,MUN,Goalkeeper,0.0,0,0.0,0.0
2025-2026,6,244,Lavia,CHE,Midfielder,1.0,1,0.0,0.0
2025-2026,6,176,Mazilu,BHA,Midfielder,0.0,0,0.0,0.0
2025-2026,6,175,Knight,BHA,Midfielder,0.0,0,0.0,0.0
2025-2026,6,174,Yalcouye,BHA,Midfielder,0.0,0,0.0,0.0
2025-2026,6,172,Watson,BHA,Midfielder,0.0,0,0.0,0.0
2025-2026,6,171,Sarmiento,BHA,Midfielder,0.0,0,0.0,0.0
2025-2026,6,165,Sima,BHA,Midfielder,0.0,0,0.0,0.0
2025-2026,6,164,O'Riley,BHA,Midfielder,0.0,0,0.0,0.0
2025-2026,6,161,Enciso,BHA,Midfielder,0.0,0,0.0,0.0
2025-2026,6,336,Reed,FUL,Midfielder,0.0,0,0.0,0.0
2025-2026,6,334,Harris,FUL,Midfielder,0.0,0,0.0,0.0
2025-2026,6,251,N.Jackson,CHE,Forward,0.0,0,0.0,0.0
2025-2026,6,183,Weiss,BUR,Goalkeeper,0.0,0,0.0,0.0
2025-2026,6,182,Trafford,MCI,Goalkeeper,0.0,0,0.0,0.0
2025-2026,6,181,Kostoulas,BHA,Forward,0.0,0,0.0,0.0
2025-2026,6,179,Ferguson,BHA,Forward,0.0,0,0.0,0.0
2025-2026,6,177,Moran,BHA,Midfielder,0.0,0,0.0,0.0
2025-2026,6,320,Diop,FUL,Defender,0.0,0,0.0,0.0
2025-2026,6,323,Amissah,FUL,Defender,0.0,0,0.0,0.0
2025-2026,6,189,Dodgson,BUR,Defender,0.0,0,0.0,0.0
2025-2026,6,259,Sosa,CRY,Defender,0.0,0,0.0,0.0
2025-2026,6,255,Matthews,CRY,Goalkeeper,0.0,0,0.0,0.0
2025-2026,6,254,Benitez,CRY,Goalkeeper,0.0,0,0.0,0.0
2025-2026,6,252,Marc Guiu,CHE,Forward,0.0,0,0.0,0.0
2025-2026,6,688,Wright,AVL,Goalkeeper,0.0,0,0.0,0.0
2025-2026,6,122,Milambo,BRE,Midfielder,0.0,0,0.0,0.0
2025-2026,6,479,Krafth,NEW,Defender,0.0,0,0.0,0.0
2025-2026,6,472,Odysseas,NEW,Goalkeeper,0.0,0,0.0,0.0
2025-2026,6,471,Gillespie,NEW,Goalkeeper,0.0,0,0.0,0.0
2025-2026,6,468,Wheatley,MUN,Forward,0.0,0,0.0,0.0
2025-2026,6,467,Obi,MUN,Forward,0.0,0,0.0,0.0
2025-2026,6,465,Højlund,MUN,Forward,0.0,0,0.0,0.0
2025-2026,6,112,Roerslev,BRE,Defender,0.0,0,0.0,0.0
2025-2026,6,105,Valdimarsson,BRE,Goalkeeper,0.0,0,0.0,0.0
2025-2026,6,305,Armstrong,EVE,Midfielder,0.0,0,0.0,0.0
2025-2026,6,301,Alcaraz,EVE,Midfielder,0.0,0,0.0,0.0
2025-2026,6,429,Phillips,MCI,Midfielder,0.0,0,0.0,0.0
2025-2026,6,298,Welch,EVE,Defender,0.0,0,0.0,0.0
2025-2026,6,297,Dixon,EVE,Defender,0.0,0,0.0,0.0
2025-2026,6,296,Patterson,EVE,Defender,0.0,0,0.0,0.0
2025-2026,6,277,Ebiowei,CRY,Midfielder,0.0,0,0.0,0.0
2025-2026,6,275,Ahamada,CRY,Midfielder,0.0,0,0.0,0.0
2025-2026,6,274,Agbinone,CRY,Midfielder,0.0,0,0.0,0.0
2025-2026,6,208,Koleosho,BUR,Midfielder,0.0,0,0.0,0.0
2025-2026,6,315,Benda,FUL,Goalkeeper,0.0,0,0.0,0.0
2025-2026,6,313,Sherif,EVE,Forward,0.0,0,0.0,0.0
2025-2026,6,312,Y.Chermiti,EVE,Forward,0.0,0,0.0,0.0
2025-2026,6,462,J.Fletcher,MUN,Midfielder,0.0,0,0.0,0.0
2025-2026,6,300,McNeil,EVE,Midfielder,0.0,0,0.0,0.0
2025-2026,6,233,Acheampong,CHE,Defender,0.0,0,0.0,0.0
2025-2026,6,231,M.Sarr,CHE,Defender,0.0,0,0.0,0.0
2025-2026,6,518,Jota,NFO,Midfielder,0.0,0,0.0,0.0
2025-2026,6,514,Boly,NFO,Defender,0.0,0,0.0,0.0
2025-2026,6,513,Abbott,NFO,Defender,0.0,0,0.0,0.0
2025-2026,6,512,O.Richards,NFO,Defender,0.0,0,0.0,0.0
2025-2026,6,510,Jair Cunha,NFO,Defender,0.0,0,0.0,0.0
2025-2026,6,509,David Carmo,NFO,Defender,0.0,0,0.0,0.0
2025-2026,6,507,Aina,NFO,Defender,0.0,0,0.0,0.0
2025-2026,6,504,Turner,NFO,Goalkeeper,0.0,0,0.0,0.0
2025-2026,6,243,George,CHE,Midfielder,0.0,0,0.0,0.0
2025-2026,6,495,Hayden,NEW,Midfielder,0.0,0,0.0,0.0
2025-2026,6,222,Penders,CHE,Goalkeeper,0.0,0,0.0,0.0
2025-2026,6,188,Delcroix,BUR,Defender,0.0,0,0.0,0.0
2025-2026,6,186,Roberts,BUR,Defender,0.0,0,0.0,0.0
2025-2026,6,185,Hladký,BUR,Goalkeeper,0.0,0,0.0,0.0
2025-2026,6,184,Green,BUR,Goalkeeper,0.0,0,0.0,0.0
2025-2026,6,104,Eyestone,BRE,Goalkeeper,0.0,0,0.0,0.0
2025-2026,6,103,Cox,BRE,Goalkeeper,0.0,0,0.0,0.0
2025-2026,6,102,Balcombe,BRE,Goalkeeper,0.0,0,0.0,0.0
2025-2026,6,99,Adu-Adjei,BOU,Forward,0.0,0,0.0,0.0
2025-2026,6,501,Neave,NEW,Forward,0.0,0,0.0,0.0
2025-2026,6,498,White,NEW,Midfielder,0.0,0,0.0,0.0
2025-2026,6,496,Kuol,NEW,Midfielder,0.0,0,0.0,0.0
2025-2026,6,223,Slonina,CHE,Goalkeeper,0.0,0,0.0,0.0
2025-2026,6,142,Scherpen,BHA,Goalkeeper,0.0,0,0.0,0.0
2025-2026,6,141,Rushworth,BHA,Goalkeeper,0.0,0,0.0,0.0
2025-2026,6,140,McGill,BHA,Goalkeeper,0.0,0,0.0,0.0
2025-2026,6,138,Steele,BHA,Goalkeeper,0.0,0,0.0,0.0
2025-2026,6,137,Morgan,BRE,Forward,0.0,0,0.0,0.0
2025-2026,6,118,Meghoma,BRE,Defender,0.0,0,0.0,0.0
2025-2026,6,117,Ji-soo,BRE,Defender,0.0,0,0.0,0.0
2025-2026,6,115,Fredrick,BRE,Defender,0.0,0,0.0,0.0
2025-2026,6,114,Arthur,BRE,Defender,0.0,0,0.0,0.0
2025-2026,6,448,Malacia,MUN,Defender,0.0,0,0.0,0.0
2025-2026,6,447,Heaven,MUN,Defender,0.0,0,0.0,0.0
2025-2026,6,461,Fitzgerald,MUN,Midfielder,0.0,0,0.0,0.0
2025-2026,6,413,Marmoush,MCI,Midfielder,0.0,0,0.0,0.0
2025-2026,6,412,Vitor Reis,MCI,Defender,0.0,0,0.0,0.0
2025-2026,6,404,Akanji,MCI,Defender,0.0,0,0.0,0.0
2025-2026,6,402,Aït-Nouri,MCI,Defender,0.0,0,0.0,0.0
2025-2026,6,401,Bettinelli,MCI,Goalkeeper,0.0,0,0.0,0.0
2025-2026,6,400,Ortega Moreno,MCI,Goalkeeper,0.0,0,0.0,0.0
2025-2026,6,399,Ederson M.,MCI,Goalkeeper,0.0,0,0.0,0.0
2025-2026,6,398,Danns,LIV,Forward,0.0,0,0.0,0.0
2025-2026,6,434,Heaton,MUN,Goalkeeper,0.0,0,0.0,0.0
2025-2026,6,433,Harrison,MUN,Goalkeeper,0.0,0,0.0,0.0
2025-2026,6,432,Onana,MUN,Goalkeeper,0.0,0,0.0,0.0
2025-2026,6,130,Donovan,BRE,Midfielder,0.0,0,0.0,0.0
2025-2026,6,460,Collyer,MUN,Midfielder,0.0,0,0.0,0.0
2025-2026,6,454,Antony,MUN,Midfielder,0.0,0,0.0,0.0
2025-2026,6,451,Rashford,MUN,Midfielder,0.0,0,0.0,0.0
2025-2026,6,127,Nunes,BRE,Midfielder,0.0,0,0.0,0.0
2025-2026,6,446,Fredricson,MUN,Defender,0.0,0,0.0,0.0
2025-2026,6,445,Amass,MUN,Defender,0.0,0,0.0,0.0
2025-2026,6,439,D.Leon,MUN,Defender,0.0,0,0.0,0.0
2025-2026,6,437,Martinez,MUN,Defender,0.0,0,0.0,0.0
2025-2026,6,435,Mee,MUN,Goalkeeper,0.0,0,0.0,0.0
2025-2026,6,98,Enes Ünal,BOU,Forward,0.0,0,0.0,0.0
2025-2026,6,464,Moorhouse,MUN,Midfielder,0.0,0,0.0,0.0
2025-2026,6,143,Boscagli,BHA,Defender,0.0,0,0.0,0.0
2025-2026,6,288,Travers,EVE,Goalkeeper,0.0,0,0.0,0.0
2025-2026,6,286,Marsh,CRY,Forward,0.0,0,0.0,0.0
2025-2026,6,285,Édouard,CRY,Forward,0.0,0,0.0,0.0
2025-2026,6,282,Umeh,CRY,Midfielder,0.0,0,0.0,0.0
2025-2026,6,281,Rodney,CRY,Midfielder,0.0,0,0.0,0.0
2025-2026,6,280,Ozoh,CRY,Midfielder,0.0,0,0.0,0.0
2025-2026,6,279,M.França,CRY,Midfielder,0.0,0,0.0,0.0
2025-2026,6,278,J.Rak-Sakyi,CRY,Midfielder,0.0,0,0.0,0.0
2025-2026,6,422,Kovačić,MCI,Midfielder,0.0,0,0.0,0.0
2025-2026,6,420,Gündoğan,MCI,Midfielder,0.0,0,0.0,0.0
2025-2026,6,417,Cherki,MCI,Midfielder,0.0,0,0.0,0.0
2025-2026,6,144,Coppola,BHA,Defender,0.0,0,0.0,0.0
2025-2026,6,463,Kone,MUN,Midfielder,0.0,0,0.0,0.0
